Period Start,Period End,Revenue,COGS,Operating Income,Net Profit,Wheat Price,Sugar Price,CPI_YoY,Exchange_Rate,Income taxes - current,Income taxes - deferred,Total income taxes,Cash and Deposits,Total Assets,Population Youth,Snack Exp
1/4/2013,30/6/2013,"78,415","44,014","3,813","4,927",269.02,382.46,-0.3,103.91,"1,977",621,"2,599",Null,Null,16.9,74130.6
1/7/2013,30/9/2013,"91,269","51,239","5,971","5,518",257.97,381.84,-0.7,99.65,"1,977",621,"2,599",Null,Null,16.9,74130.6
1/10/2013,31/12/2013,"76,518","44,165","2,498","3,818",261.35,390.26,-0.9,98.44,"1,977",621,"2,599",Null,Null,16.9,74130.6
1/1/2014,31/3/2014,"69,197","39,377",-637,"1,251",249.46,370.97,-0.7,95.09,"5,581","2,664","8,246","15,262","189,937",16.6,76807.7
1/4/2014,30/6/2014,"78,853","43,611","4,607","11,584",275.32,401.95,-0.3,92.24,"5,581","2,664","8,246","15,262","189,937",16.6,76807.7
1/7/2014,30/9/2014,"86,872","48,657","4,876","4,853",226.29,389.48,0.2,96.27,"5,581","2,664","8,246","15,262","189,937",16.6,76807.7
1/10/2014,31/12/2014,"78,470","43,824","3,151","5,299",220.52,347.94,0.7,94.38,"5,581","2,664","8,246","15,262","189,937",16.6,76807.7
1/1/2015,31/3/2015,"75,198","41,690","1,613","6,752",205.82,311.7,0.9,96.08,"4,047",-127,"3,920","22,546","209,682",16.3,83027
1/4/2015,30/6/2015,"85,167","45,998","5,739","4,378",196.33,277.25,1.1,94.58,"4,047",-127,"3,920","22,546","209,682",16.3,83027
1/7/2015,30/9/2015,"95,019","51,293","6,855","3,483",178.93,254.93,1.1,95.01,"4,047",-127,"3,920","22,546","209,682",16.3,83027
1/10/2015,31/12/2015,"81,292","44,497","4,267","3,972",162.38,321.49,1.5,93.35,"4,047",-127,"3,920","22,546","209,682",16.3,83027
1/1/2016,31/3/2016,"76,959","42,116",249,"-4,422",162.65,316.26,1.6,90.2,"4,812",412,"5,225","31,986","232,608",16.1,83472
1/4/2016,30/6/2016,"88,747","47,477","7,840","4,776",159.21,374.93,1.4,90.17,"4,812",412,"5,225","31,986","232,608",16.1,83472
1/7/2016,30/9/2016,"97,495","51,830","8,583","4,659",128.29,448.67,1.5,92.04,"4,812",412,"5,225","31,986","232,608",16.1,83472
1/10/2016,31/12/2016,"84,799","44,851","6,291","7,110",122.65,460.14,1.6,91.82,"4,812",412,"5,225","31,986","232,608",16.1,83472
1/1/2017,31/3/2017,"82,176","43,928","1,540","3,993",143.65,433.6,3.4,91.57,"4,747",48,"4,795","77,066","281,632",15.8,83087
1/4/2017,30/6/2017,"88,814","46,842","6,567","6,283",147.36,334.63,3.7,92.15,"4,747",48,"4,795","77,066","281,632",15.8,83087
1/7/2017,30/9/2017,"98,790","51,790","8,936","6,584",150.67,307.52,3.6,92.04,"4,747",48,"4,795","77,066","281,632",15.8,83087
1/10/2017,31/12/2017,"84,607","45,140","3,708","6,660",139.5,320.63,3.4,92.11,"4,747",48,"4,795","77,066","281,632",15.8,83087
1/1/2018,31/3/2018,"81,221","43,422","1,166",-725,169.87,296.73,3.3,91.26,"3,860",634,"4,495","81,288","295,127",15.6,83916
1/4/2018,30/6/2018,"88,484","46,403","5,995","5,846",188.72,262.45,3.2,88.35,"3,860",634,"4,495","81,288","295,127",15.6,83916
1/7/2018,30/9/2018,"97,495","51,132","6,879","5,871",199.75,238.06,2.9,88.49,"3,860",634,"4,495","81,288","295,127",15.6,83916
1/10/2018,31/12/2018,"85,722","45,053","3,582","-2,269",186.18,283.15,2.4,82.92,"3,860",634,"4,495","81,288","295,127",15.6,83916
1/1/2019,31/3/2019,"78,569","41,579",290,-409,177.09,279.87,2.4,81.88,"5,580",246,"5,827","75,323","294,523",15.4,87469
1/4/2019,30/6/2019,"89,028","46,590","5,263","2,195",164,270.43,2.4,83.65,"5,580",246,"5,827","75,323","294,523",15.4,87469
1/7/2019,30/9/2019,"96,497","51,054","5,511","4,343",153.27,256.05,2.2,84.06,"5,580",246,"5,827","75,323","294,523",15.4,87469
1/10/2019,31/12/2019,"102,662","52,483","4,831","1,725",158.67,282.78,2.3,83.76,"5,580",246,"5,827","75,323","294,523",15.4,87469
1/1/2020,31/3/2020,"77,999","39,868","3,465","-1,815",173.78,301.61,0.6,83.74,"3,854",161,"4,016","65,671","294,175",15.2,85534
1/4/2020,30/6/2020,"87,976","46,171","5,266","6,032",174.81,238.99,0.5,82.43,"3,854",161,"4,016","65,671","294,175",15.2,85534
1/7/2020,30/9/2020,"93,341","50,046","6,503","4,224",182.96,273.06,0.4,80.86,"3,854",161,"4,016","65,671","294,175",15.2,85534
1/10/2020,31/12/2020,"84,732","45,555","3,289","2,457",210.5,322.53,0.2,81.85,"3,854",161,"4,016","65,671","294,175",15.2,85534
1/1/2021,31/3/2021,"74,293","38,720","4,088","10,103",236.21,358.05,0.2,83.37,"3,925",497,"4,422","57,422","297,011",14.9,88195
1/4/2021,30/6/2021,"86,007","44,862","5,883","3,642",252.38,372.25,0,86.05,"3,925",497,"4,422","57,422","297,011",14.9,88195
1/7/2021,30/9/2021,"92,180","49,753","6,221","6,275",262.75,414.19,0.3,85.53,"3,925",497,"4,422","57,422","297,011",14.9,88195
1/10/2021,31/12/2021,"86,091","47,202","3,115","2,746",311.83,430.14,0.3,84.69,"3,925",497,"4,422","57,422","297,011",14.9,88195
1/1/2022,31/3/2022,"65,420","40,486","4,076","8,856",353.75,409.85,0.2,85.86,"3,988",488,"4,477","54,209","301,747",14.5,94373
1/4/2022,30/6/2022,"73,727","47,210","2,801","8,862",415.95,424.57,-0.1,89.58,"3,988",488,"4,477","54,209","301,747",14.5,94373
1/7/2022,30/9/2022,"86,786","54,881","5,293","5,137",330.44,401.16,0.2,91.69,"3,988",488,"4,477","54,209","301,747",14.5,94373
1/10/2022,31/12/2022,"77,988","50,595",675,"-8,831",340.57,424.55,0,92.13,"3,988",488,"4,477","54,209","301,747",14.5,94373
1/1/2023,31/3/2023,"71,075","44,761","3,900","6,042",320.65,457.89,-0.3,93.92,"2,909",138,"3,048","56,333","316,960",14.2,99520
1/4/2023,30/6/2023,"82,060","51,329","4,186","11,745",298.18,551.7,-0.5,95.29,"2,909",138,"3,048","56,333","316,960",14.2,99520
1/7/2023,30/9/2023,"93,406","58,704","7,824","7,878",249.81,549.43,-0.4,98.74,"2,909",138,"3,048","56,333","316,960",14.2,99520
1/10/2023,31/12/2023,"86,049","53,946","2,712","-2,323",220.7,561.14,-0.4,100.49,"2,909",138,"3,048","56,333","316,960",14.2,99520
1/1/2024,31/3/2024,"78,986","47,195","7,266","11,624",219.05,496.67,-0.5,102.63,-241,-105,-346,"9,565","285,625",14,104417
1/4/2024,30/6/2024,"75,038","44,958","1,603","4,884",213.68,430.76,-0.5,102.27,-241,-105,-346,"9,565","285,625",14,104417
1/7/2024,30/9/2024,"87,146","53,900","3,801","-6,060",182.41,429.14,0.1,101.22,-241,-105,-346,"9,565","285,625",14,104417
1/10/2024,31/12/2024,"89,959","57,408","-1,605","6,872",189.63,472.69,0.5,98.52,-241,-105,-346,"9,565","285,625",14,104417
1/1/2025,31/3/2025,"77,339","47,399","2,628","-3,708",186.78,427.49,0.3,92.95,Null,Null,"4,262",Null,Null,13.7,102687
1/4/2025,30/6/2025,"87,156","54,598",631,625,181.62,380.88,0.4,93.46,Null,Null,"4,297",Null,Null,13.7,102687
1/7/2025,30/9/2025,"100,241","62,870","5,761","8,833",159.9,356.74,0.3,94.47,Null,Null,"4,333",Null,Null,13.7,102687